archivo,n
savedrecs (1).txt,1000
savedrecs (10).txt,1000
savedrecs (11).txt,1000
savedrecs (12).txt,1000
savedrecs (13).txt,1000
savedrecs (14).txt,1000
savedrecs (15).txt,1000
savedrecs (16).txt,1000
savedrecs (17).txt,1000
savedrecs (18).txt,1000
savedrecs (19).txt,1000
savedrecs (2).txt,1000
savedrecs (20).txt,1000
savedrecs (21).txt,1000
savedrecs (22).txt,1000
savedrecs (23).txt,1000
savedrecs (24).txt,1000
savedrecs (25).txt,1000
savedrecs (26).txt,1000
savedrecs (27).txt,1000
savedrecs (28).txt,1000
savedrecs (29).txt,1000
savedrecs (3).txt,1000
savedrecs (30).txt,1000
savedrecs (31).txt,1000
savedrecs (32).txt,1000
savedrecs (33).txt,1000
savedrecs (34).txt,1000
savedrecs (35).txt,1000
savedrecs (36).txt,1000
savedrecs (37).txt,1000
savedrecs (38).txt,1000
savedrecs (39).txt,1000
savedrecs (4).txt,1000
savedrecs (40).txt,1000
savedrecs (41).txt,1000
savedrecs (42).txt,1000
savedrecs (43).txt,1000
savedrecs (44).txt,1000
savedrecs (45).txt,1000
savedrecs (46).txt,1000
savedrecs (47).txt,1000
savedrecs (48).txt,1000
savedrecs (49).txt,1000
savedrecs (5).txt,1000
savedrecs (50).txt,1000
savedrecs (51).txt,1000
savedrecs (52).txt,1000
savedrecs (53).txt,1000
savedrecs (54).txt,1000
savedrecs (55).txt,1000
savedrecs (56).txt,1000
savedrecs (57).txt,1000
savedrecs (58).txt,1000
savedrecs (59).txt,1000
savedrecs (6).txt,1000
savedrecs (60).txt,1000
savedrecs (61).txt,1000
savedrecs (62).txt,1000
savedrecs (63).txt,1000
savedrecs (64).txt,1000
savedrecs (65).txt,1000
savedrecs (66).txt,1000
savedrecs (67).txt,1000
savedrecs (68).txt,1000
savedrecs (69).txt,1000
savedrecs (7).txt,1000
savedrecs (70).txt,1000
savedrecs (71).txt,1000
savedrecs (72).txt,1000
savedrecs (73).txt,1000
savedrecs (74).txt,1000
savedrecs (75).txt,1000
savedrecs (76).txt,1000
savedrecs (77).txt,1000
savedrecs (78).txt,1000
savedrecs (79).txt,1000
savedrecs (8).txt,1000
savedrecs (80).txt,1000
savedrecs (81).txt,1000
savedrecs (82).txt,1000
savedrecs (83).txt,1000
savedrecs (84).txt,1000
savedrecs (85).txt,1000
savedrecs (86).txt,1000
savedrecs (87).txt,1000
savedrecs (88).txt,1000
savedrecs (89).txt,1000
savedrecs (9).txt,1000
savedrecs (90).txt,1000
savedrecs (91).txt,1000
savedrecs (92).txt,1000
savedrecs (93).txt,1000
savedrecs (94).txt,1000
savedrecs (95).txt,1000
savedrecs (96).txt,185
savedrecs (97).txt,1000
savedrecs (98).txt,1000
savedrecs (99).txt,1000
savedrecs.txt,1000
